{
  "best": {
    "kernel_id": "gfx1151_int4xint4_nn_sc256_none_bm64_bn128_bk128_gm1_w16_s2_weu2_sk1_evenk",
    "max_abs_diff": 1.0,
    "max_rel_diff": 0.0038910505827516317,
    "metadata": {
      "device": "Radeon 8060S Graphics",
      "dropped_nonpositive_sample_count": 0,
      "dtype": "int4",
      "input_distribution": "randn_bf16_fake_quant_scale_0.1",
      "output_dtype": "bfloat16",
      "raw_sample_count": 15,
      "rep_ms": 50,
      "runtime_ms_max": 2.357150077819824,
      "runtime_ms_mean": 2.181800937652588,
      "runtime_ms_median": 2.162224054336548,
      "runtime_ms_min": 2.1291439533233643,
      "runtime_ms_p20": 2.1402667999267577,
      "runtime_ms_p80": 2.216843175888062,
      "sample_count": 15,
      "scale": "sc256",
      "tile": "bm64_bn128_bk128_gm1_w16_s2_weu2_sk1_evenk",
      "torch_hip": "7.2.26015-fc0010cf6a",
      "torch_version": "2.9.1+rocm7.2.0.git7e1940d4",
      "warmup_ms": 15
    },
    "runtime_ms": 2.162224054336548,
    "shape": {
      "k": 4096,
      "m": 4096,
      "n": 4096
    },
    "tops": 63.563696461683975
  },
  "best_artifacts": {},
  "failures": [],
  "records": [
    {
      "kernel_id": "gfx1151_int4xint4_nn_sc256_none_bm64_bn128_bk32_gm4_w16_s2_weu2_sk1_evenk",
      "max_abs_diff": 1.0,
      "max_rel_diff": 0.0038910505827516317,
      "metadata": {
        "device": "Radeon 8060S Graphics",
        "dropped_nonpositive_sample_count": 0,
        "dtype": "int4",
        "input_distribution": "randn_bf16_fake_quant_scale_0.1",
        "output_dtype": "bfloat16",
        "raw_sample_count": 11,
        "rep_ms": 50,
        "runtime_ms_max": 3.1886720657348633,
        "runtime_ms_mean": 3.0954360745169898,
        "runtime_ms_median": 3.0899219512939453,
        "runtime_ms_min": 2.993191957473755,
        "runtime_ms_p20": 3.0414280891418457,
        "runtime_ms_p80": 3.172420024871826,
        "sample_count": 11,
        "scale": "sc256",
        "tile": "bm64_bn128_bk32_gm4_w16_s2_weu2_sk1_evenk",
        "torch_hip": "7.2.26015-fc0010cf6a",
        "torch_version": "2.9.1+rocm7.2.0.git7e1940d4",
        "warmup_ms": 15
      },
      "runtime_ms": 3.0899219512939453,
      "shape": {
        "k": 4096,
        "m": 4096,
        "n": 4096
      },
      "tops": 44.479749209990764
    },
    {
      "kernel_id": "gfx1151_int4xint4_nn_sc256_none_bm64_bn128_bk128_gm1_w16_s2_weu2_sk1_evenk",
      "max_abs_diff": 1.0,
      "max_rel_diff": 0.0038910505827516317,
      "metadata": {
        "device": "Radeon 8060S Graphics",
        "dropped_nonpositive_sample_count": 0,
        "dtype": "int4",
        "input_distribution": "randn_bf16_fake_quant_scale_0.1",
        "output_dtype": "bfloat16",
        "raw_sample_count": 15,
        "rep_ms": 50,
        "runtime_ms_max": 2.357150077819824,
        "runtime_ms_mean": 2.181800937652588,
        "runtime_ms_median": 2.162224054336548,
        "runtime_ms_min": 2.1291439533233643,
        "runtime_ms_p20": 2.1402667999267577,
        "runtime_ms_p80": 2.216843175888062,
        "sample_count": 15,
        "scale": "sc256",
        "tile": "bm64_bn128_bk128_gm1_w16_s2_weu2_sk1_evenk",
        "torch_hip": "7.2.26015-fc0010cf6a",
        "torch_version": "2.9.1+rocm7.2.0.git7e1940d4",
        "warmup_ms": 15
      },
      "runtime_ms": 2.162224054336548,
      "shape": {
        "k": 4096,
        "m": 4096,
        "n": 4096
      },
      "tops": 63.563696461683975
    },
    {
      "kernel_id": "gfx1151_int4xint4_nn_sc256_none_bm64_bn128_bk128_gm4_w16_s2_weu2_sk1_evenk",
      "max_abs_diff": 1.0,
      "max_rel_diff": 0.0038910505827516317,
      "metadata": {
        "device": "Radeon 8060S Graphics",
        "dropped_nonpositive_sample_count": 0,
        "dtype": "int4",
        "input_distribution": "randn_bf16_fake_quant_scale_0.1",
        "output_dtype": "bfloat16",
        "raw_sample_count": 15,
        "rep_ms": 50,
        "runtime_ms_max": 2.2545530796051025,
        "runtime_ms_mean": 2.2251430193583173,
        "runtime_ms_median": 2.2276079654693604,
        "runtime_ms_min": 2.1865880489349365,
        "runtime_ms_p20": 2.2117965698242186,
        "runtime_ms_p80": 2.2387900352478027,
        "sample_count": 15,
        "scale": "sc256",
        "tile": "bm64_bn128_bk128_gm4_w16_s2_weu2_sk1_evenk",
        "torch_hip": "7.2.26015-fc0010cf6a",
        "torch_version": "2.9.1+rocm7.2.0.git7e1940d4",
        "warmup_ms": 15
      },
      "runtime_ms": 2.2276079654693604,
      "shape": {
        "k": 4096,
        "m": 4096,
        "n": 4096
      },
      "tops": 61.697998751338375
    },
    {
      "kernel_id": "gfx1151_int4xint4_nn_sc256_none_bm64_bn256_bk32_gm4_w16_s2_weu2_sk1_evenk",
      "max_abs_diff": 1.0,
      "max_rel_diff": 0.0038910505827516317,
      "metadata": {
        "device": "Radeon 8060S Graphics",
        "dropped_nonpositive_sample_count": 0,
        "dtype": "int4",
        "input_distribution": "randn_bf16_fake_quant_scale_0.1",
        "output_dtype": "bfloat16",
        "raw_sample_count": 13,
        "rep_ms": 50,
        "runtime_ms_max": 2.761449098587036,
        "runtime_ms_mean": 2.7262259813455434,
        "runtime_ms_median": 2.7288599014282227,
        "runtime_ms_min": 2.6965630054473877,
        "runtime_ms_p20": 2.7077786445617678,
        "runtime_ms_p80": 2.74277400970459,
        "sample_count": 13,
        "scale": "sc256",
        "tile": "bm64_bn256_bk32_gm4_w16_s2_weu2_sk1_evenk",
        "torch_hip": "7.2.26015-fc0010cf6a",
        "torch_version": "2.9.1+rocm7.2.0.git7e1940d4",
        "warmup_ms": 15
      },
      "runtime_ms": 2.7288599014282227,
      "shape": {
        "k": 4096,
        "m": 4096,
        "n": 4096
      },
      "tops": 50.36497234616831
    },
    {
      "kernel_id": "gfx1151_int4xint4_nn_sc256_none_bm64_bn256_bk64_gm4_w16_s2_weu2_sk1_evenk",
      "max_abs_diff": 1.0,
      "max_rel_diff": 0.0038910505827516317,
      "metadata": {
        "device": "Radeon 8060S Graphics",
        "dropped_nonpositive_sample_count": 0,
        "dtype": "int4",
        "input_distribution": "randn_bf16_fake_quant_scale_0.1",
        "output_dtype": "bfloat16",
        "raw_sample_count": 12,
        "rep_ms": 50,
        "runtime_ms_max": 2.864413022994995,
        "runtime_ms_mean": 2.83703221877416,
        "runtime_ms_median": 2.8356735706329346,
        "runtime_ms_min": 2.803881883621216,
        "runtime_ms_p20": 2.8156739234924313,
        "runtime_ms_p80": 2.8602174282073975,
        "sample_count": 12,
        "scale": "sc256",
        "tile": "bm64_bn256_bk64_gm4_w16_s2_weu2_sk1_evenk",
        "torch_hip": "7.2.26015-fc0010cf6a",
        "torch_version": "2.9.1+rocm7.2.0.git7e1940d4",
        "warmup_ms": 15
      },
      "runtime_ms": 2.8356735706329346,
      "shape": {
        "k": 4096,
        "m": 4096,
        "n": 4096
      },
      "tops": 48.46783314389852
    },
    {
      "kernel_id": "gfx1151_int4xint4_nn_sc256_none_bm64_bn256_bk128_gm4_w16_s2_weu2_sk1_evenk",
      "max_abs_diff": 1.0,
      "max_rel_diff": 0.0038910505827516317,
      "metadata": {
        "device": "Radeon 8060S Graphics",
        "dropped_nonpositive_sample_count": 0,
        "dtype": "int4",
        "input_distribution": "randn_bf16_fake_quant_scale_0.1",
        "output_dtype": "bfloat16",
        "raw_sample_count": 12,
        "rep_ms": 50,
        "runtime_ms_max": 2.859286069869995,
        "runtime_ms_mean": 2.835756838321686,
        "runtime_ms_median": 2.8404250144958496,
        "runtime_ms_min": 2.7941009998321533,
        "runtime_ms_p20": 2.822849225997925,
        "runtime_ms_p80": 2.8538041591644285,
        "sample_count": 12,
        "scale": "sc256",
        "tile": "bm64_bn256_bk128_gm4_w16_s2_weu2_sk1_evenk",
        "torch_hip": "7.2.26015-fc0010cf6a",
        "torch_version": "2.9.1+rocm7.2.0.git7e1940d4",
        "warmup_ms": 15
      },
      "runtime_ms": 2.8404250144958496,
      "shape": {
        "k": 4096,