{
  "best": {
    "kernel_id": "gfx1151_int4xint4_nn_sc256_none_bm64_bn128_bk128_gm4_w16_s2_weu2_sk1_evenk",
    "max_abs_diff": 1.0,
    "max_rel_diff": 0.0038910505827516317,
    "metadata": {
      "device": "Radeon 8060S Graphics",
      "dropped_nonpositive_sample_count": 0,
      "dtype": "int4",
      "input_distribution": "randn_bf16_fake_quant_scale_0.1",
      "output_dtype": "bfloat16",
      "raw_sample_count": 14,
      "rep_ms": 50,
      "runtime_ms_max": 2.4897708892822266,
      "runtime_ms_mean": 2.433523348399571,
      "runtime_ms_median": 2.4344440698623657,
      "runtime_ms_min": 2.3866090774536133,
      "runtime_ms_p20": 2.4166329383850096,
      "runtime_ms_p80": 2.4466662406921387,
      "sample_count": 14,
      "scale": "sc256",
      "tile": "bm64_bn128_bk128_gm4_w16_s2_weu2_sk1_evenk",
      "torch_hip": "7.2.26015-fc0010cf6a",
      "torch_version": "2.9.1+rocm7.2.0.git7e1940d4",
      "warmup_ms": 15
    },
    "runtime_ms": 2.4344440698623657,
    "shape": {
      "k": 4096,
      "m": 4096,
      "n": 4096
    },
    "tops": 56.45599140002845
  },
  "best_artifacts": {},
  "failures": [],
  "records": [
    {
      "kernel_id": "gfx1151_int4xint4_nn_sc256_none_bm64_bn128_bk32_gm4_w16_s2_weu2_sk1_evenk",
      "max_abs_diff": 1.0,
      "max_rel_diff": 0.0038910505827516317,
      "metadata": {
        "device": "Radeon 8060S Graphics",
        "dropped_nonpositive_sample_count": 0,
        "dtype": "int4",
        "input_distribution": "randn_bf16_fake_quant_scale_0.1",
        "output_dtype": "bfloat16",
        "raw_sample_count": 10,
        "rep_ms": 50,
        "runtime_ms_max": 3.7894558906555176,
        "runtime_ms_mean": 3.7211786985397337,
        "runtime_ms_median": 3.7175854444503784,
        "runtime_ms_min": 3.6528480052948,
        "runtime_ms_p20": 3.6916376113891602,
        "runtime_ms_p80": 3.7534158706665037,
        "sample_count": 10,
        "scale": "sc256",
        "tile": "bm64_bn128_bk32_gm4_w16_s2_weu2_sk1_evenk",
        "torch_hip": "7.2.26015-fc0010cf6a",
        "torch_version": "2.9.1+rocm7.2.0.git7e1940d4",
        "warmup_ms": 15
      },
      "runtime_ms": 3.7175854444503784,
      "shape": {
        "k": 4096,
        "m": 4096,
        "n": 4096
      },
      "tops": 36.96995147136948
    },
    {
      "kernel_id": "gfx1151_int4xint4_nn_sc256_none_bm64_bn128_bk64_gm4_w16_s2_weu2_sk1_evenk",
      "max_abs_diff": 1.0,
      "max_rel_diff": 0.0038910505827516317,
      "metadata": {
        "device": "Radeon 8060S Graphics",
        "dropped_nonpositive_sample_count": 0,
        "dtype": "int4",
        "input_distribution": "randn_bf16_fake_quant_scale_0.1",
        "output_dtype": "bfloat16",
        "raw_sample_count": 11,
        "rep_ms": 50,
        "runtime_ms_max": 3.153439998626709,
        "runtime_ms_mean": 3.129665331407027,
        "runtime_ms_median": 3.129940986633301,
        "runtime_ms_min": 3.099601984024048,
        "runtime_ms_p20": 3.108541965484619,
        "runtime_ms_p80": 3.150218963623047,
        "sample_count": 11,
        "scale": "sc256",
        "tile": "bm64_bn128_bk64_gm4_w16_s2_weu2_sk1_evenk",
        "torch_hip": "7.2.26015-fc0010cf6a",
        "torch_version": "2.9.1+rocm7.2.0.git7e1940d4",
        "warmup_ms": 15
      },
      "runtime_ms": 3.129940986633301,
      "shape": {
        "k": 4096,
        "m": 4096,
        "n": 4096
      },
      "tops": 43.91103668054625
    },
    {
      "kernel_id": "gfx1151_int4xint4_nn_sc256_none_bm64_bn128_bk128_gm4_w16_s2_weu2_sk1_evenk",
      "max_abs_diff": 1.0,
      "max_rel_diff": 0.0038910505827516317,
      "metadata": {
        "device": "Radeon 8060S Graphics",
        "dropped_nonpositive_sample_count": 0,
        "dtype": "int4",
        "input_distribution": "randn_bf16_fake_quant_scale_0.1",
        "output_dtype": "bfloat16",
        "raw_sample_count": 14,
        "rep_ms": 50,
        "runtime_ms_max": 2.4897708892822266,
        "runtime_ms_mean": 2.433523348399571,
        "runtime_ms_median": 2.4344440698623657,
        "runtime_ms_min": 2.3866090774536133,
        "runtime_ms_p20": 2.4166329383850096,
        "runtime_ms_p80": 2.4466662406921387,
        "sample_count": 14,
        "scale": "sc256",
        "tile": "bm64_bn128_bk128_gm4_w16_s2_weu2_sk1_evenk",
        "torch_hip": "7.2.26015-fc0010cf6a",
        "torch_version": "2.9.1+rocm7.2.0.git7e1940d4",
        "warmup_ms": 15
      },
      "runtime_ms": 2.4344440698623657,
      "shape": {
        "k": 4096,
        "m": 4096,
        "n": 4096
      },
      "tops": 56.45599140002845
    },
    {
      "kernel_id": "gfx1151_int4xint4_nn_sc256_none_bm64_bn128_bk256_gm4_w16_s2_weu2_sk1_evenk",
      "max_abs_diff": 1.0,
      "max_rel_diff": 0.0038910505827516317,
      "metadata": {
        "device": "Radeon 8060S Graphics",
        "dropped_nonpositive_sample_count": 0,
        "dtype": "int4",
        "input_distribution": "randn_bf16_fake_quant_scale_0.1",
        "output_dtype": "bfloat16",
        "raw_sample_count": 13,
        "rep_ms": 50,
        "runtime_ms_max": 2.756427049636841,
        "runtime_ms_mean": 2.728718482531034,
        "runtime_ms_median": 2.7377820014953613,
        "runtime_ms_min": 2.674427032470703,
        "runtime_ms_p20": 2.710218000411987,
        "runtime_ms_p80": 2.7464989662170414,
        "sample_count": 13,
        "scale": "sc256",
        "tile": "bm64_bn128_bk256_gm4_w16_s2_weu2_sk1_evenk",
        "torch_hip": "7.2.26015-fc0010cf6a",
        "torch_version": "2.9.1+rocm7.2.0.git7e1940d4",
        "warmup_ms": 15
      },
      "runtime_ms": 2.7377820014953613,
      "shape": {
        "k": 4096,
        "m": 4096,
        "n": 4096
      },
      "tops": 50.200838999208706
    },
    {
      "kernel_id": "gfx1151_int4xint4_nn_sc256_none_bm64_bn256_bk32_gm4_w16_s2_weu2_sk1_evenk",
      "max_abs_diff": 1.0,
      "max_rel_diff": 0.0038910505827516317,
      "metadata": {
        "device": "Radeon 8060S Graphics",
        "dropped_nonpositive_sample_count": 0,
        "dtype": "int4",
        "input_distribution": "randn_bf16_fake_quant_scale_0.1",
        "output_dtype": "bfloat16",
        "raw_sample_count": 10,
        "rep_ms": 50,
        "runtime_ms_max": 3.7064719200134277,
        "runtime_ms_mean": 3.6757433891296385,
        "runtime_ms_median": 3.673319458961487,
        "runtime_ms_min": 3.6470870971679688,
        "runtime_ms_p20": 3.650964403152466,
        "runtime_ms_p80": 3.6982845306396483,
        "sample_count": 10,
        "scale": "sc256",
        "tile": "bm64_bn256_bk32_gm4_w16_s2_weu2_sk1_evenk",
        "torch_hip": "7.2.26015-fc0010cf6a",
        "torch_version": "2.9.1+rocm7.2.0.git7e1940d4",
        "warmup_ms": 15
      },
      "runtime_ms": 3.673319458961487,
      "shape": {
        "k": 4096,
        "m": 4096,
        "n": 4096
      },
      "tops": 37.415464406914516
    },
    {
      "kernel_id": "gfx1151_int4xint4_nn_sc256_none_bm64_bn256_bk64_gm4_w16_s2_weu2_sk1_evenk",
      "max_abs_diff": 1.0,
      "max_rel_diff": 0.0038910505827516317,
      "metadata": {
        "device": "Radeon 8060S Graphics",
        "dropped_nonpositive_sample_count": 0,
        "dtype": "int4",
        "input_distribution": "randn_bf16_fake_quant_scale_0.1",
        "output_dtype": "bfloat16",
        "raw_sample_count": 11,
        "rep_ms": 50,
        "runtime_ms_max": 3.3881449699401855,
        "runtime_ms_mean": 3.3629758141257544,
        "runtime_ms_median": 3.363703966140747,
        "runtime_ms_min": 3.329608917236328,
        "runtime_ms_p20": 3.3587160110473633,
        "runtime_ms_p80": 3.3730580806732178,
        "sample_count": 11,
        "scale": "sc256",
        "tile": "bm64_bn256_bk64_gm4_w16_s2_weu2_sk1_evenk",
        "torch_hip": "7.2.26015-fc0010cf6a",
        "torch_version": "2.9.1+rocm7.2.0.git7e1940d4",
        "warmup_ms": 15
      },
      "runtime_ms": 3.363703966140747,
      "shape": {
        "k": 4096,
        "m": 4096,