{
  "best": {
    "kernel_id": "gfx1151_int4xint4_nn_sc256_relu2_bm64_bn128_bk128_gm1_w16_s2_weu2_sk1_evenk",
    "max_abs_diff": 505.78125,
    "max_rel_diff": 0.003889158135280013,
    "metadata": {
      "device": "Radeon 8060S Graphics",
      "dropped_nonpositive_sample_count": 0,
      "dtype": "int4",
      "input_distribution": "randn_bf16_fake_quant_scale_0.1",
      "output_dtype": "bfloat16",
      "raw_sample_count": 15,
      "rep_ms": 50,
      "runtime_ms_max": 2.1946709156036377,
      "runtime_ms_mean": 2.163870398203532,
      "runtime_ms_median": 2.17002010345459,
      "runtime_ms_min": 2.113450050354004,
      "runtime_ms_p20": 2.1506048679351806,
      "runtime_ms_p80": 2.17896409034729,
      "sample_count": 15,
      "scale": "sc256",
      "tile": "bm64_bn128_bk128_gm1_w16_s2_weu2_sk1_evenk",
      "torch_hip": "7.2.26015-fc0010cf6a",
      "torch_version": "2.9.1+rocm7.2.0.git7e1940d4",
      "warmup_ms": 15
    },
    "runtime_ms": 2.17002010345459,
    "shape": {
      "k": 4096,
      "m": 4096,
      "n": 4096
    },
    "tops": 63.33533650365837
  },
  "best_artifacts": {},
  "failures": [],
  "records": [
    {
      "kernel_id": "gfx1151_int4xint4_nn_sc256_relu2_bm64_bn128_bk32_gm4_w16_s2_weu2_sk1_evenk",
      "max_abs_diff": 505.78125,
      "max_rel_diff": 0.003889158135280013,
      "metadata": {
        "device": "Radeon 8060S Graphics",
        "dropped_nonpositive_sample_count": 0,
        "dtype": "int4",
        "input_distribution": "randn_bf16_fake_quant_scale_0.1",
        "output_dtype": "bfloat16",
        "raw_sample_count": 12,
        "rep_ms": 50,
        "runtime_ms_max": 3.102555990219116,
        "runtime_ms_mean": 3.0338821411132812,
        "runtime_ms_median": 3.0410125255584717,
        "runtime_ms_min": 2.9633049964904785,
        "runtime_ms_p20": 3.003253364562988,
        "runtime_ms_p80": 3.0559958934783933,
        "sample_count": 12,
        "scale": "sc256",
        "tile": "bm64_bn128_bk32_gm4_w16_s2_weu2_sk1_evenk",
        "torch_hip": "7.2.26015-fc0010cf6a",
        "torch_version": "2.9.1+rocm7.2.0.git7e1940d4",
        "warmup_ms": 15
      },
      "runtime_ms": 3.0410125255584717,
      "shape": {
        "k": 4096,
        "m": 4096,
        "n": 4096
      },
      "tops": 45.19512902919063
    },
    {
      "kernel_id": "gfx1151_int4xint4_nn_sc256_relu2_bm64_bn128_bk64_gm4_w16_s2_weu2_sk1_evenk",
      "max_abs_diff": 505.78125,
      "max_rel_diff": 0.003889158135280013,
      "metadata": {
        "device": "Radeon 8060S Graphics",
        "dropped_nonpositive_sample_count": 0,
        "dtype": "int4",
        "input_distribution": "randn_bf16_fake_quant_scale_0.1",
        "output_dtype": "bfloat16",
        "raw_sample_count": 13,
        "rep_ms": 50,
        "runtime_ms_max": 2.6768319606781006,
        "runtime_ms_mean": 2.6342137776888332,
        "runtime_ms_median": 2.6429080963134766,
        "runtime_ms_min": 2.586669921875,
        "runtime_ms_p20": 2.597974967956543,
        "runtime_ms_p80": 2.6561259746551515,
        "sample_count": 13,
        "scale": "sc256",
        "tile": "bm64_bn128_bk64_gm4_w16_s2_weu2_sk1_evenk",
        "torch_hip": "7.2.26015-fc0010cf6a",
        "torch_version": "2.9.1+rocm7.2.0.git7e1940d4",
        "warmup_ms": 15
      },
      "runtime_ms": 2.6429080963134766,
      "shape": {
        "k": 4096,
        "m": 4096,
        "n": 4096
      },
      "tops": 52.00292574066802
    },
    {
      "kernel_id": "gfx1151_int4xint4_nn_sc256_relu2_bm64_bn128_bk128_gm4_w16_s2_weu2_sk1_evenk",
      "max_abs_diff": 505.78125,
      "max_rel_diff": 0.003889158135280013,
      "metadata": {
        "device": "Radeon 8060S Graphics",
        "dropped_nonpositive_sample_count": 0,
        "dtype": "int4",
        "input_distribution": "randn_bf16_fake_quant_scale_0.1",
        "output_dtype": "bfloat16",
        "raw_sample_count": 15,
        "rep_ms": 50,
        "runtime_ms_max": 2.261064052581787,
        "runtime_ms_mean": 2.2317494710286456,
        "runtime_ms_median": 2.229546070098877,
        "runtime_ms_min": 2.205751895904541,
        "runtime_ms_p20": 2.2152552127838137,
        "runtime_ms_p80": 2.2453136920928958,
        "sample_count": 15,
        "scale": "sc256",
        "tile": "bm64_bn128_bk128_gm4_w16_s2_weu2_sk1_evenk",
        "torch_hip": "7.2.26015-fc0010cf6a",
        "torch_version": "2.9.1+rocm7.2.0.git7e1940d4",
        "warmup_ms": 15
      },
      "runtime_ms": 2.229546070098877,
      "shape": {
        "k": 4096,
        "m": 4096,
        "n": 4096
      },
      "tops": 61.64436578155337
    },
    {
      "kernel_id": "gfx1151_int4xint4_nn_sc256_relu2_bm64_bn128_bk128_gm1_w16_s2_weu2_sk1_evenk",
      "max_abs_diff": 505.78125,
      "max_rel_diff": 0.003889158135280013,
      "metadata": {
        "device": "Radeon 8060S Graphics",
        "dropped_nonpositive_sample_count": 0,
        "dtype": "int4",
        "input_distribution": "randn_bf16_fake_quant_scale_0.1",
        "output_dtype": "bfloat16",
        "raw_sample_count": 15,
        "rep_ms": 50,
        "runtime_ms_max": 2.1946709156036377,
        "runtime_ms_mean": 2.163870398203532,
        "runtime_ms_median": 2.17002010345459,
        "runtime_ms_min": 2.113450050354004,
        "runtime_ms_p20": 2.1506048679351806,
        "runtime_ms_p80": 2.17896409034729,
        "sample_count": 15,
        "scale": "sc256",
        "tile": "bm64_bn128_bk128_gm1_w16_s2_weu2_sk1_evenk",
        "torch_hip": "7.2.26015-fc0010cf6a",
        "torch_version": "2.9.1+rocm7.2.0.git7e1940d4",
        "warmup_ms": 15
      },
      "runtime_ms": 2.17002010345459,
      "shape": {
        "k": 4096,
        "m": 4096,
        "n": 4096
      },
      "tops": 63.33533650365837
    },
    {
      "kernel_id": "gfx1151_int4xint4_nn_sc256_relu2_bm64_bn256_bk32_gm4_w16_s2_weu2_sk1_evenk",
      "max_abs_diff": 505.78125,
      "max_rel_diff": 0.003889158135280013,
      "metadata": {
        "device": "Radeon 8060S Graphics",
        "dropped_nonpositive_sample_count": 0,
        "dtype": "int4",
        "input_distribution": "randn_bf16_fake_quant_scale_0.1",
        "output_dtype": "bfloat16",
        "raw_sample_count": 13,
        "rep_ms": 50,
        "runtime_ms_max": 2.756683111190796,
        "runtime_ms_mean": 2.7131509414085975,
        "runtime_ms_median": 2.7066049575805664,
        "runtime_ms_min": 2.6830461025238037,
        "runtime_ms_p20": 2.6958382606506346,
        "runtime_ms_p80": 2.7380259990692135,
        "sample_count": 13,
        "scale": "sc256",
        "tile": "bm64_bn256_bk32_gm4_w16_s2_weu2_sk1_evenk",
        "torch_hip": "7.2.26015-fc0010cf6a",
        "torch_version": "2.9.1+rocm7.2.0.git7e1940d4",
        "warmup_ms": 15
      },
      "runtime_ms": 2.7066049575805664,
      "shape": {
        "k": 4096,
        "m": 4096,
        "n": 4096
      },
      "tops": 50.77909618360289
    },
    {
      "kernel_id": "gfx1151_int4xint4_nn_sc256_relu2_bm64_bn256_bk64_gm4_w16_s2_weu2_sk1_evenk",
      "max_abs_diff": 505.78125,
      "max_rel_diff": 0.003889158135280013,
      "metadata": {
        "device": "Radeon 8060S Graphics",
        "dropped_nonpositive_sample_count": 0,
        "dtype": "int4",
        "input_distribution": "randn_bf16_fake_quant_scale_0.1",
        "output_dtype": "bfloat16",
        "raw_sample_count": 12,
        "rep_ms": 50,
        "runtime_ms_max": 2.8788158893585205,
        "runtime_ms_mean": 2.8486353953679404,
        "runtime_ms_median": 2.846516489982605,
        "runtime_ms_min": 2.814021110534668,
        "runtime_ms_p20": 2.8310919284820555,
        "runtime_ms_p80": 2.869845771789551,
        "sample_count": 12,
        "scale": "sc256",
        "tile": "bm64_bn256_bk64_gm4_w16_s2_weu2_sk1_evenk",
        "torch_hip": "7.2.26015-fc0010cf6a",
        "torch_version": "2.9.1+rocm7.2.0.git7e1940d4",
        "warmup_ms": 15
      },
      "runtime_ms": 2.846516489982605,