{
  "best": {
    "kernel_id": "gfx1151_int4xint4_nn_sc256_relu2_bm64_bn128_bk128_gm4_w16_s2_weu2_sk1_evenk",
    "max_abs_diff": 505.78125,
    "max_rel_diff": 0.003889158135280013,
    "metadata": {
      "device": "Radeon 8060S Graphics",
      "dropped_nonpositive_sample_count": 0,
      "dtype": "int4",
      "input_distribution": "randn_bf16_fake_quant_scale_0.1",
      "output_dtype": "bfloat16",
      "raw_sample_count": 14,
      "rep_ms": 50,
      "runtime_ms_max": 2.4880900382995605,
      "runtime_ms_mean": 2.450737271990095,
      "runtime_ms_median": 2.449877977371216,
      "runtime_ms_min": 2.4243760108947754,
      "runtime_ms_p20": 2.4340607643127443,
      "runtime_ms_p80": 2.4635136127471924,
      "sample_count": 14,
      "scale": "sc256",
      "tile": "bm64_bn128_bk128_gm4_w16_s2_weu2_sk1_evenk",
      "torch_hip": "7.2.26015-fc0010cf6a",
      "torch_version": "2.9.1+rocm7.2.0.git7e1940d4",
      "warmup_ms": 15
    },
    "runtime_ms": 2.449877977371216,
    "shape": {
      "k": 4096,
      "m": 4096,
      "n": 4096
    },
    "tops": 56.100326114803345
  },
  "best_artifacts": {},
  "failures": [],
  "records": [
    {
      "kernel_id": "gfx1151_int4xint4_nn_sc256_relu2_bm64_bn128_bk32_gm4_w16_s2_weu2_sk1_evenk",
      "max_abs_diff": 505.78125,
      "max_rel_diff": 0.003889158135280013,
      "metadata": {
        "device": "Radeon 8060S Graphics",
        "dropped_nonpositive_sample_count": 0,
        "dtype": "int4",
        "input_distribution": "randn_bf16_fake_quant_scale_0.1",
        "output_dtype": "bfloat16",
        "raw_sample_count": 10,
        "rep_ms": 50,
        "runtime_ms_max": 3.787461996078491,
        "runtime_ms_mean": 3.7170085668563844,
        "runtime_ms_median": 3.7141404151916504,
        "runtime_ms_min": 3.671875,
        "runtime_ms_p20": 3.6852387428283695,
        "runtime_ms_p80": 3.744724178314209,
        "sample_count": 10,
        "scale": "sc256",
        "tile": "bm64_bn128_bk32_gm4_w16_s2_weu2_sk1_evenk",
        "torch_hip": "7.2.26015-fc0010cf6a",
        "torch_version": "2.9.1+rocm7.2.0.git7e1940d4",
        "warmup_ms": 15
      },
      "runtime_ms": 3.7141404151916504,
      "shape": {
        "k": 4096,
        "m": 4096,
        "n": 4096
      },
      "tops": 37.00424273402386
    },
    {
      "kernel_id": "gfx1151_int4xint4_nn_sc256_relu2_bm64_bn128_bk64_gm4_w16_s2_weu2_sk1_evenk",
      "max_abs_diff": 505.78125,
      "max_rel_diff": 0.003889158135280013,
      "metadata": {
        "device": "Radeon 8060S Graphics",
        "dropped_nonpositive_sample_count": 0,
        "dtype": "int4",
        "input_distribution": "randn_bf16_fake_quant_scale_0.1",
        "output_dtype": "bfloat16",
        "raw_sample_count": 11,
        "rep_ms": 50,
        "runtime_ms_max": 3.142209053039551,
        "runtime_ms_mean": 3.109854676506736,
        "runtime_ms_median": 3.1106081008911133,
        "runtime_ms_min": 3.0868771076202393,
        "runtime_ms_p20": 3.0871200561523438,
        "runtime_ms_p80": 3.1238839626312256,
        "sample_count": 11,
        "scale": "sc256",
        "tile": "bm64_bn128_bk64_gm4_w16_s2_weu2_sk1_evenk",
        "torch_hip": "7.2.26015-fc0010cf6a",
        "torch_version": "2.9.1+rocm7.2.0.git7e1940d4",
        "warmup_ms": 15
      },
      "runtime_ms": 3.1106081008911133,
      "shape": {
        "k": 4096,
        "m": 4096,
        "n": 4096
      },
      "tops": 44.18395021623814
    },
    {
      "kernel_id": "gfx1151_int4xint4_nn_sc256_relu2_bm64_bn128_bk128_gm4_w16_s2_weu2_sk1_evenk",
      "max_abs_diff": 505.78125,
      "max_rel_diff": 0.003889158135280013,
      "metadata": {
        "device": "Radeon 8060S Graphics",
        "dropped_nonpositive_sample_count": 0,
        "dtype": "int4",
        "input_distribution": "randn_bf16_fake_quant_scale_0.1",
        "output_dtype": "bfloat16",
        "raw_sample_count": 14,
        "rep_ms": 50,
        "runtime_ms_max": 2.4880900382995605,
        "runtime_ms_mean": 2.450737271990095,
        "runtime_ms_median": 2.449877977371216,
        "runtime_ms_min": 2.4243760108947754,
        "runtime_ms_p20": 2.4340607643127443,
        "runtime_ms_p80": 2.4635136127471924,
        "sample_count": 14,
        "scale": "sc256",
        "tile": "bm64_bn128_bk128_gm4_w16_s2_weu2_sk1_evenk",
        "torch_hip": "7.2.26015-fc0010cf6a",
        "torch_version": "2.9.1+rocm7.2.0.git7e1940d4",
        "warmup_ms": 15
      },
      "runtime_ms": 2.449877977371216,
      "shape": {
        "k": 4096,
        "m": 4096,
        "n": 4096
      },
      "tops": 56.100326114803345
    },
    {
      "kernel_id": "gfx1151_int4xint4_nn_sc256_relu2_bm64_bn128_bk256_gm4_w16_s2_weu2_sk1_evenk",
      "max_abs_diff": 505.78125,
      "max_rel_diff": 0.003889158135280013,
      "metadata": {
        "device": "Radeon 8060S Graphics",
        "dropped_nonpositive_sample_count": 0,
        "dtype": "int4",
        "input_distribution": "randn_bf16_fake_quant_scale_0.1",
        "output_dtype": "bfloat16",
        "raw_sample_count": 13,
        "rep_ms": 50,
        "runtime_ms_max": 2.7574760913848877,
        "runtime_ms_mean": 2.7262618725116434,
        "runtime_ms_median": 2.728703022003174,
        "runtime_ms_min": 2.6537559032440186,
        "runtime_ms_p20": 2.7117516040802,
        "runtime_ms_p80": 2.748152494430542,
        "sample_count": 13,
        "scale": "sc256",
        "tile": "bm64_bn128_bk256_gm4_w16_s2_weu2_sk1_evenk",
        "torch_hip": "7.2.26015-fc0010cf6a",
        "torch_version": "2.9.1+rocm7.2.0.git7e1940d4",
        "warmup_ms": 15
      },
      "runtime_ms": 2.728703022003174,
      "shape": {
        "k": 4096,
        "m": 4096,
        "n": 4096
      },
      "tops": 50.36786794449489
    },
    {
      "kernel_id": "gfx1151_int4xint4_nn_sc256_relu2_bm64_bn256_bk32_gm4_w16_s2_weu2_sk1_evenk",
      "max_abs_diff": 505.78125,
      "max_rel_diff": 0.003889158135280013,
      "metadata": {
        "device": "Radeon 8060S Graphics",
        "dropped_nonpositive_sample_count": 0,
        "dtype": "int4",
        "input_distribution": "randn_bf16_fake_quant_scale_0.1",
        "output_dtype": "bfloat16",
        "raw_sample_count": 10,
        "rep_ms": 50,
        "runtime_ms_max": 3.641150951385498,
        "runtime_ms_mean": 3.5882078886032103,
        "runtime_ms_median": 3.586978554725647,
        "runtime_ms_min": 3.5539190769195557,
        "runtime_ms_p20": 3.571441602706909,
        "runtime_ms_p80": 3.5986339092254642,
        "sample_count": 10,
        "scale": "sc256",
        "tile": "bm64_bn256_bk32_gm4_w16_s2_weu2_sk1_evenk",
        "torch_hip": "7.2.26015-fc0010cf6a",
        "torch_version": "2.9.1+rocm7.2.0.git7e1940d4",
        "warmup_ms": 15
      },
      "runtime_ms": 3.586978554725647,
      "shape": {
        "k": 4096,
        "m": 4096,
        "n": 4096
      },
      "tops": 38.31607894363677
    },
    {
      "kernel_id": "gfx1151_int4xint4_nn_sc256_relu2_bm64_bn256_bk64_gm4_w16_s2_weu2_sk1_evenk",
      "max_abs_diff": 505.78125,
      "max_rel_diff": 0.003889158135280013,
      "metadata": {
        "device": "Radeon 8060S Graphics",
        "dropped_nonpositive_sample_count": 0,
        "dtype": "int4",
        "input_distribution": "randn_bf16_fake_quant_scale_0.1",
        "output_dtype": "bfloat16",
        "raw_sample_count": 11,
        "rep_ms": 50,
        "runtime_ms_max": 3.128990888595581,
        "runtime_ms_mean": 3.1006432229822334,
        "runtime_ms_median": 3.1025009155273438,
        "runtime_ms_min": 3.0652379989624023,
        "runtime_ms_p20": 3.094827890396118,
        "runtime_ms_p80": 3.111088991165161,
        "sample_count": 11,
        "scale": "sc256",
        "tile": "bm64_bn256_bk64_gm4_w16_s2_weu2_sk1_evenk",
        "torch_hip": "7.2.26015-fc0010cf6a",
        "torch_version": "2.9.1+rocm7.2.0.git7e1940d4",
        "warmup_ms": 15
      },
      "runtime_ms": 3.1025009155273438,